codigo,descrip,stock,prventa,sbtotal,prcosto,sbtot
004212,ANTIBAC_LIMPIA_VIDRIOS/SUPERFICIES_500CC,55,890,48950,816.34,44899
005400,LIMPIA_VIDRIO_BRILLEX_500CC*12,32,10788,345216,9960.00,318720
000311,PPP,434,1,434,1.00,434
000313,ESCOBILLON_BZZ,-10,850,-8500,699.72,-6997
000325,BOLSA_50X70_TEDDY,2426,350,849100,293.90,713001
000331,BOLSA_80X110_TEDDY,3854,1190,4586260,882.69,3401887
000443,VANISH_SOBRE_MIXTO_X24,58,8400,487200,6006.99,348405
000457,CLORO_ARCADIA_1000_MULTIUSO*12,73,8280,604440,6199.90,452593
000477,CLORO_ROPA_COLOR_ARCADIA_960CC*12,81,13080,1059480,9120.00,738720
000497,DET._SODAK_PREMIUM_5L,-6,1690,-10140,1435.40,-8612
000507,LAVALOZA_CONCENTRADO_SODAK_5L,2,1890,3780,1383.60,2767
000535,JABON_DEX_*4,540,899,485460,790.00,426600
000579,PAÑO_ESPONJA_DOM_*3,268,590,158120,510.00,136680
000585,RENOVA._DE_NEUMATICOS_TEDDY_450_CM3,3,1390,4170,1190.00,3570
000593,DORA_CAOBA_340CC*12,26,9588,249288,8093.24,210424
000595,DORA_INCOL_340CC*12,9,9588,86292,7667.17,69005
000599,DORA_NATURAL_340CC*12,10,9588,95880,8093.24,80932
000611,LAVALOZA_DORA_500CC,54,750,40500,648.35,35011
000617,ANTIGRASA_DORA_500CC,576,990,570240,950.65,547574
000619,LIMP._VIDRIOS_DORA_500CC,467,990,462330,923.71,431373
000623,CERA_CON_TIERRA_DORA_400CC*10,10,7990,79900,7837.00,78370
000659,HORMIG._TANAX_LIQ.500,52,2490,129480,1952.79,101545
000672,TANAX_LIQU._180CC,43,1990,85570,1219.75,52449
000683,TANAX_AEROSOL_MAT.INS._220CC,312,1090,340080,969.85,302593
000685,TANAX_T/I__220CC,876,1090,954840,1188.38,1041021
000687,TANAX_AEROSOL_M/Z_220CC,336,1090,366240,1083.39,364019
000697,TANAX_CASA_Y_JARDIN_500CC,1125,1790,2013750,1428.00,1606500
000700,TANAX_AERO.__ARAÑA/BARATA_500_CC,12583,1790,22523570,1428.00,17968524
000704,TANAX_AERO.__ARAÑA_Y_BARATAS_440CC,20,1390,27800,2047.99,40960
000764,_LADY_SPEED_STICK_BARRA,30,1790,53700,1420.00,42600
000782,JABON_BALLERINA_750ML*12,197,13080,2576760,11868.00,2337996
000788,ESPONJA_ECONOMICA,14,4000,56000,3700.00,51800
000822,PAÑAL_BABYSEC_G_X18,57,21900,1248300,19650.47,1120077
000824,PAÑAL_BABYSEC_XG_X14,331,21900,7248900,19650.47,6504306
000848,PAÑAL_CHIKOOL_M_22X8,131,19900,2606900,18320.00,2399920
000850,PAÑAL_CHIKOOL_XG_X16,20,19900,398000,22200.00,444000
000852,PAÑAL_CHIKOOL_XXG_X16,49,19990,979510,18320.00,897680
000860,TOALLITA_DESINF._CHIKOOL,18,900,16200,700.00,12600
000862,TOALLITAS_CHIKOOL_50UN,8,750,6000,670.00,5360
000866,TOALLITAS_CHIKOOL_NEW_80UN,3791,1180,4473380,1000.00,3791000
000870,TANAX_AERO._MOSCA_Y_ZANCUDO_500CC,472,1790,844880,1404.20,662782
000874,VELAS_ECONOMICA_ANTORCHA,2368,550,1302400,404.20,957146
000876,VELAS_GIGANTES_ANTORCHA,1144,1190,1361360,971.06,1110893
000878,P.HIG._SCOTT_RINDEMAX_8*6,32,9690,310080,8900.00,284800
000880,LADYSOFT_NOCT_TELA_SUAVE_x7_282,3816,790,3014640,559.99,2136922
000886,LADYSOFT_PLANA_S/ALAS_173,5101,490,2499490,370.50,1889921
000965,VIRUTILLA_DORADA_TEDDY*25,1,7250,7250,6250.00,6250
001022,TOALLAS_HIG._PARATI_NOCT._C/A*16,6,11040,66240,9978.50,59871
001024,PROTECTORES_DIARIOS_FIORELLA_X20UN,186,20700,3850200,14798.84,2752584
001104,OMO_MATIC_MULTIAC_POLVO_400GR,953,950,905350,850.00,810050
001106,OMO_MATIC_SOFT_400GR,1675,950,1591250,850.00,1423750
001108,OMO_CORRIENTE_POLVO_HS_400GR,1570,950,1491500,850.00,1334500
001112,QUIX_500ML*15,541,14850,8033850,11850.00,6410850
001116,TRAPERO_HUMEDO_PISO_FLOTANTE_TEDDY*12,39,15480,603720,13793.88,537961
001124,EMB._P._HIG._SWAN__8*6,167,8290,1384430,8000.37,1336062
001148,TANAX_ARAÑA/BARATA_SIN_OLOR_500CC,10232,1790,18315280,1428.00,14611296
001163,TANAX_T/INSECTO_SIN_OLOR_220,5103,1090,5562270,969.85,4949145
001167,CLORO_GEL_IGENIX_900ML*10,555,10900,6049500,9290.00,5155950
001173,TANAX_CASA/JARDIN_220CC,-12,1090,-13080,969.85,-11638
001188,RAYFILTER_50_G._*12,863,3480,3003240,350.00,302050
001198,ARROZ_GRADO_1,350,9900,3465000,10591.00,3706850
001218,PAÑAL_BABYSEG_XXG*14,767,21900,16797300,19650.47,15071910
001239,DESODORANTE_MALIZIA_HOMB,2411,1390,3351290,1190.00,2869090
001241,DESODORANTE_MALIZIA_MUJ,12,1390,16680,1190.00,14280
001243,GEL_DOUCHA_MALIZIA_1LT,632,1790,1131280,1590.00,1004880
001245,ESPONJA_PURITY_METALICA_X20,57,3980,226860,3400.00,193800
001247,ESPONJA_PARRILERA_PURITY*20,254,3000,762000,2180.00,553720
001251,ESPIRAL_PURITY_PLATEADO_X25,92,5750,529000,3375.00,310500
001255,FIBRA_P/_TRAB._DIFICILES_X10,1,4800,4800,4400.00,4400
001318,SCHICK_EXTREM_3_*12,382,8388,3204216,6889.90,2631942
001320,SCHICK_4_*10_FEMENINA,167,7990,1334330,7099.93,1185688
001324,LAV._VIRGINIA_D/PACK_1_LT*12,153,13080,2001240,12000.00,1836000
001334,DES._DEO_SECRET,108,990,106920,700.00,75600
001336,DESODORANTE_AEROSOL_REXONA_MUJER,6,1690,10140,1450.00,8700
001372,EMUWIPES_CON_TAPA_*9,1,23310,23310,21690.13,21690
001388,SUAVIZANTE_FUZOL_1L*12,157,11880,1865160,10200.00,1601400
001399,AMBIENTALES_WINNEX_400ML,20287,870,17649690,778.95,15802559
001411,PEPSODENT_INTEGRAL_75_ML,16043,790,12673970,690.00,11069670
001415,COLGATE_TRIPLE*12,86,10990,945140,10427.97,896805
001417,COLGATE_LUMINOUS_WHITE_140G*12,10,23880,238800,21600.00,216000
001421,BAYGON_ARAÑA_Y_CUCARACHA_*12,47,12000,564000,19080.00,896760
001423,BAYGON_CASA_Y_JARDIN_*12,1,12000,12000,19080.00,19080
001425,BAYGON_MOSCA_*12,5,23880,119400,9000.00,45000
001429,CHIKOOL_ALGODON_BALL_50,2840,690,1959600,450.00,1278000
001431,CHIKOOL_COTONITOS_100,1154,480,553920,425.00,490450
001457,VELAS_PUERTO_VARAS_SUPER_ECO.,442,490,216580,410.00,181220
001459,VELAS_PUERTO_VARAS_GIGANTE,1365,1090,1487850,953.00,1300845
001473,TRAPERO_HUMEDO_PURITY*12,69,14280,985320,12959.10,894178
001475,ESPONJA_EXTREM*4,291,1200,349200,1000.00,291000
001487,CERA_NEWAX_CAOBA_*12,55,9480,521400,8750.00,481250
001492,CERA_NEWAX_INCOLORA*12,19,9480,180120,8750.00,166250
001499,VELAS_WINNEX_EXTRA_GRANDE,2185,1090,2381650,974.55,2129392
001523,ZAETA_CASA_Y_JARDIN_*12,2,10800,21600,0.00,0
001525,QUIX_750_ML_*12,128,19080,2442240,17400.00,2227200
001527,HOME_SWEET_CASA_*6,18,8340,150120,8100.00,145800
001529,HOME_SWEET_MOSCA_*6,4,8340,33360,6000.00,24000
001547,TOALLITA_BABYSEC_PREMIUM_45UN*10,76,6990,531240,5600.00,425600
001565,RINSO_DILUIR_500ML,2366,2390,5654740,2150.00,5086900
001571,SCHICK_2___*12,2,3240,6480,0.00,0
001585,LUSTRA_MUEBLE_WINEX,35,890,31150,822.50,28788
001587,RECARGA_WINNEX,949,1290,1224210,1139.52,1081404
001608,PAÑO_MICROFIBRA_DON_AHORRITO*25,202,8750,1767500,4999.90,1009980
001615,LAVALOZA_FUZOL_1L*12,103,11880,1223640,10428.00,1074084
001617,ARIEL_POLVO_400GR,364,1090,396760,990.00,360360
001623,BOLSA_DOM_50X70,5663,290,1642270,200.00,1132600
001629,OMO_LIQ._P/DILUIR_RECARGA_500ML,2766,3490,9653340,3350.00,9266100
001631,CERA_NEWAX_AMARILLA*12,96,9480,910080,8750.00,840000
001639,COLGATE_LUMINOUS__WHITE__90G*12,1,17880,17880,15600.00,15600
001644,PAÑAL_CHIKOOL_RN_*36UN,1,4590,4590,4290.00,4290
001685,TOALLA_LADYSOFT_UD_DIA_TELA_MALLA__041,468,990,463320,767.10,359003
001715,SOFT_1L,774,1390,1075860,1290.00,998460
001731,TANAX_M/Z_500CC,5824,1790,10424960,2014.67,11733438
001745,CHIKOOL_GOLD_XG,9,6490,58410,5990.00,53910
001765,DETERGENTE_IMPEKE*12,159,16680,2652120,507.19,80643
001767,ACONDIC._SEDAL_HIALURONICO_650ML,353,1690,596570,1370.00,483610
001791,ACONDICIONADOR_DOVE_400ML,822,1850,1520700,966.39,794373
001822,CEPILLO_CHIKOOL_KIDS*12,412,5880,2422560,4788.00,1972656
001824,CEPILLO_CHIKOOL_ADULTO*12,175,4788,837900,4788.00,837900
001870,ALWAYS_ULTRA_SECA_DIA,126,799,100674,749.00,94374
001884,LADYSOFT_UD_MALLA_C/ALAS_075_16*12,55,17880,983400,15479.52,851374
001886,LADYSOFT_UD_TELA_SUAVE_12*16_270,142,16680,2368560,14999.90,2129986
001894,BIC_SENSITIVE_(AMARILLO)_*24,48,4800,230400,3335.57,160107
001913,ALCOHOL_CLEAN_START_200ML,108,1790,193320,1666.00,179928
001915,CIF_ORIGINAL,1462,1390,2032180,1030.04,1505918
001927,DES._REXONA_BARRA_MUJER_40GR,60,1790,107400,1330.00,79800
001935,SPEEDSTIK_REGULAR,6,1590,9540,1490.00,8940
001939,CLORO_GENESIS_5L,319,1090,347710,900.00,287100
001941,PASTILLA_BAÑO_BARIK_FRESH,79,4080,322320,340.34,26887
001967,ACONDICIONADOR_SEDAL_340ML*12,24,19080,457920,17640.56,423373
001971,APORTE_POR_ACUERDO_COMERCIAL,2,360130,720260,0.00,0
001991,SERV._DON_AURELIO_300X10,34,8790,298860,8199.10,278769
002044,SCHICK_TITANIUM_4*10,182,7990,1454180,7099.99,1292198
002060,ARIEL_DOWNING_700GR,-45,1850,-83250,1992.80,-89676
002082,INDUSTRIAL_ELITE_500MT*4,2,7190,14380,6200.00,12400
002118,PERFUME_ZACHARY,4,1990,7960,1547.00,6188
002134,ALCOHOL_GEL_ACTIVE_500ML,79,790,62410,990.00,78210
002136,SHAMPO_OPECKAL,83,990,82170,1190.00,98770
002138,ACONDICIONADOR_OPECKAL,10,990,9900,1190.00,11900
002142,ACEITE_CAPILAR_30ML,178,990,176220,890.00,158420
002199,VELAS_BRIGHT_MEDIANA,-1,615,-615,509.00,-509
002230,ACONDICIONADOR_BALLERINA_750ML*12,69,13080,902520,9588.00,661572
002300,LUSTRA_MUEBLES_SPRAY_TEDDY_400ML,4613,799,3685787,606.90,2799630
002308,PREST._GILLETE_CONFORT_BLUE_III_*10,1999,7500,14992500,7390.00,14772610
002312,PILA_DURACELL_AAA_*4,5,1560,7800,1959.93,9800
002318,ACONDICIONADOR_FAMILAND,1266,1350,1709100,1190.00,1506540
002322,REXONA_BARRA_HOMBRE_40GR,318,1990,632820,1490.00,473820
002330,ENC._RONSON_TUBO_LARGO_*12,27,20280,547560,15665.16,422959
002349,BOLSA_105X150_TEDDY,8,2590,20720,2512.74,20102
002354,TOALLA_SWAN_CLASICA_8*3,226,6390,1444140,5900.00,1333400
002379,ESTUCHE_NIDRIA,358,1990,712420,2990.00,1070420
002381,ESTUCHE_MALIZIA,1693,1990,3369070,1500.00,2539500
002460,AROMATIZANTE_P/AUTO,63,1390,87570,0.00,0
002468,RENOVADOR_DE_GOMA_WINNEX*12,337,11880,4003560,9599.73,3235109
002472,ALGABO_TALCO_PIES_MUJER_100G*12,34,9360,318240,8103.90,275533
002528,TANAX_SOBRE_1*10_SIN_OLOR,91,7900,718900,6342.70,577186
002608,TALCO_REX_200GR*12,6,23880,143280,21479.50,128877
002637,SERVILLETA_GIULIETTA_300*12,444,10560,4688640,9591.40,4258582
002639,LIMPIADOR_CREMA_WINNEX,934,1090,1018060,948.00,885432
002678,OMO_800GR,3564,1750,6237000,1599.00,5698836
002725,TRAPERO_ALGODON_PURITY*25,3,11250,33750,8750.00,26250
002727,TRAPERO_MICROFIBRA_DON_AHORRITO*25,224,17250,3864000,14250.00,3192000
002729,PAÑAL_BABYSEG_M,157,21900,3438300,19650.47,3085124
002731,PAPEL._HIG._SWAN_MI_HOGAR_50MTS_8*4,39,14990,584610,13589.00,529971
002733,ROLLO_COCINA_TORK_8*2,131,9390,1230090,8489.46,1112119
002735,TOALLA_MAXIROLLO_10*2,60,17390,1043400,16900.00,1014000
002742,CLORO_GEL_BRILLEX*10,41,7990,327590,6650.00,272650
002754,MAGISTRAL_750ML,1,3090,3090,2890.00,2890
002770,NOVA_CLASICA,177,6590,1166430,6290.00,1113330
002782,EMUWIPES_SIN_TAPA_80U*24,35,23880,835800,22463.63,786227
002786,CLORO_BIOPAL_5LT,1,990,990,749.70,750
002788,ESPIRAL_PURITY_DORADO_X25,71,6250,443750,3375.00,239625
002794,FILM_300MTS_GHOSH_CORTADOR,162,5990,970380,4522.00,732564
002798,SUAVELINA_SHAMPOO_D/PACK__750ML*12,14,10440,146160,9588.00,134232
002806,BIO_POLVO_800GR,1763,1199,2113837,1030.00,1815890
002808,NOBLE_23_MTS_8*6,284,8590,2439560,8250.00,2343000
002810,ABOLENGO_XL_*6,103,13190,1358570,13500.00,1390500
002824,COTONITO_BRILLEX_270UN,446,890,396940,790.00,352340
002832,ENC.__RONSON_MASISO_*20,123,3980,489540,2927.40,360070
002836,P.HIG._ELITE_50MT_8*4,148,17390,2573720,16789.00,2484772
002838,BOLSA_DOM_90X120,864,1790,1546560,1200.00,1036800
002840,BOLSA_DOM_105*150,1311,2090,2739990,1790.00,2346690
002846,TOALLITA_FEME_CHIKOOL_DIA,5700,550,3135000,499.00,2844300
002848,TOALLITA_FEME_CHIKOOL_NOCHE,48,550,26400,499.00,23952
002886,ARIEL_800ML*9,1,26910,26910,26091.00,26091
002904,BOLSA_WINNEX_50*70,1410,299,421590,280.00,394800
002906,BOLSA_WINNEX_70*90,424,690,292560,610.47,258839
002908,BOLSA_WINNEX_80*110,6407,990,6342930,930.58,5962226
002917,ALCOHOL_DETTOL_200_ML,634,690,437460,950.00,602300
002919,ALCOHOL_GEL_DETTOL_50_ML,5298,490,2596020,360.00,1907280
002929,CREMA_LECHUGA_SOFT_55_ML,295,850,250750,700.00,206500
002935,GLASSEX_RECARGA*12,62,9480,587760,8400.00,520800
002947,ALCOHOL_GEL_MEDIKLIN,255,3490,889950,0.00,0
002965,BOLSA_WINNEX_105*150,33,2490,82170,2403.74,79323
002967,DESENGRASANTE_WINNEX_500ML,274,1090,298660,906.00,248244
002969,LIMPIADOR_EN_POLVO_WINNEX_MULTIUSO,852,790,673080,649.00,552948
002971,LIMPIADOR_CREMA_WINNEX_AMONIACO,866,1090,943940,948.00,820968
002978,ALGABO_TALCO_PIES_200G_*6,48,6540,313920,5782.21,277546
002995,SABANILLA_ELITE_*2,125,4990,623750,4489.87,561234
003003,AMBIENTAL_BRILLEX_400ML*12,1091,10200,11128200,9240.00,10080840
003005,DETERGENTE_BIOPAL_5L,469,1200,562800,899.64,421931
003013,PERFUME_PARA_TELA,116,1200,139200,0.00,0
003027,RINSO_3_LITROS,27,3690,99630,0.00,0
003059,SIMPLY_VENUS_PACK_*4,20,2600,52000,0.00,0
003074,ALGABO_GEL_CAPILAR_500GR*6,37,12540,463980,11531.00,426647
003084,TRAPEROS_HUMEDOS_WINNEX,4719,1390,6559410,1154.00,5445726
003086,AMPOLLETA_LED__7W_LUZ_CLARA,4060,550,2233000,440.30,1787618
003088,AMPOLLETA_LED__7W__LUZ_CALIDA,3025,650,1966250,440.00,1331000
003090,AMPOLLETA_LED_9W_LUZ_BLANCA,5066,550,2786300,464.10,2351131
003092,AMPOLLETA_LED_9W_LUZ_CALIDA,570,490,279300,510.51,290991
003094,AMPOLLETA_LED_11W_LUZ_BLANCA,80,650,52000,570.01,45601
003124,TOALLA_AURELIO_XL,2,10790,21580,9800.00,19600
003145,PERFUME_PARA_AUTO,507,990,501930,0.00,0
003153,CARAMELO_BLANDO,250,990,247500,789.99,197498
003155,PACK_AHORRO,150,9000,1350000,8200.00,1230000
003169,ARIEL_1.8L*6,87,35940,3126780,31139.92,2709173
003183,DETERGENTE_WINNEX_400GR,2010,590,1185900,429.59,863476
003193,P._HIG._TORK_50MT_8*4,77,14300,1101100,13809.90,1063362
003220,AXE_DEO_BARRA*12,344,15480,5325120,12000.00,4128000
003222,OLD_SPICE_BARRA_BARRA,1726,1990,3434740,1790.00,3089540
003224,PASTA_GELATTI_PACK,42,1190,49980,990.00,41580
003247,COLONIA_PLAISANCE,88,1500,132000,0.00,0
003257,PASTILLA_CLORO_PISCINA_200G_*5,46,2990,137540,2350.00,108100
003263,PAPEL_HIG._FLORAX_12*4ROLLOS,666,6990,4655340,6199.90,4129133
003287,BOLSA_60*90_VIRUTEX*12,38,4788,181944,750.00,28500
003299,DEATH_FLYNG_MATA_TODO_560ML*12,52,22200,1154400,20206.20,1050722
003301,DEATH_FLYING_MATA_MOSCA_560ML*12,25,22200,555000,20206.20,505155
003303,DEATH_FLYING_MAT_ARAÑA_560ML*12,43,22200,954600,20206.20,868867
003307,PEPSODENT_PACK_3*2_EXTRA_WHIT_90GR,253,1990,503470,1600.00,404800
003340,FILM_250_MTS_C/_CORTADOR,267,6990,1866330,5950.00,1588650
003344,DESODORANTE_NIVEA_*12,19,20280,385320,17400.00,330600
003362,PAPEL_INDUSTRIAL_PREMIUM*6_ROLLOS,50,3990,199500,3451.00,172550
003364,TOALLA_MAXIFORT_XL_100MT*6ROLLOS,528,8190,4324320,7068.60,3732221
003383,SHAMPOO_BALLERINA_750ML*12,1,13080,13080,11868.00,11868
003396,TANAX_AERO._PULGAS_/GARRAPATAS_220CC,18086,1090,19713740,969.85,17540707
003406,PAÑAL_CHIKOOL_G*16,23,19990,459770,18320.00,421360
003428,LIMPIA_SUPERFICIES_VIRUTEX,338,790,267020,0.00,0
003430,AQUAFRESH_107_PACK,1056,0,0,500.00,528000
003432,TIO_NACHO_415_ML,-3,2790,-8370,0.00,0
003459,ANTIBAC_DESINFECTANTE_400CC,492,1590,782280,1353.03,665691
003463,ACE_800GR,56,1590,89040,1425.00,79800
003478,BOLSAS_LIDER_CHICA,6639,690,4580910,5820.29,38640905
003480,BOLSA_LIDER_MEDIANA,8391,790,6628890,0.00,0
003482,BOLSA_LIDER_GRANDE,10798,990,10690020,0.00,0
003492,PH_OPTIMO_50MT*4,99,13990,1385010,13299.00,1316601
003500,CREMA_DOVE_150_ML*6,42,11940,501480,10800.00,453600
003502,CREMA_DOVE_250ML*6,37,16140,597180,15000.00,555000
003504,CREMA_DOVE_75_ML*6,81,9540,772740,7800.00,631800
003506,CREMA_FACIAL_NIVEA,1981,2690,5328890,2000.00,3962000
003508,PACK_BARRA_NIVEA*5,92,8450,777400,7750.00,713000
003515,ENCENDEDOR_LIN*20,506,3000,1518000,1800.00,910800
003521,KIWI_BETUN_NEGRO,14424,179,2581896,200.00,2884800
003523,ALCOHOL_GEL_MICKEY,2388,690,1647720,0.00,0
003525,ALCOHOL_GEL_MINNIE,2733,690,1885770,600.00,1639800
003535,AROM_RECARGA,141,1990,280590,1890.00,266490
003537,ST._IVES_SPRAY*6,53,13140,696420,15000.00,795000
003543,GLADE_AUTO_2EN1,2177,499,1086323,600.00,1306200
003546,CEPILLO_NIÑO_DENTA_CARE_C/CHUPON*12,210,6588,1383480,4821.64,1012544
003548,CEPILLO_NIÑO_DENTA_CARE_C/LIMPIA_LENGUA*12,224,6588,1475712,5117.41,1146300
003550,CEPILLO_ADULTO_DENTA_CARE*12,9,6588,59292,5247.72,47229
003554,VANISH_ROSA_POTE_400_GR_POLVO,428,2690,1151320,2500.00,1070000
003560,ENCENDEDOR_RONSON_COCINA+GAS*12,1,23880,23880,12723.48,12723
003562,TOALLITAS_DESMAQUILLANTES_EMULINE_PACK,49,1950,95550,0.00,0
003572,BOLSA_ULTRA_CLEAN_50X70,2035,350,712250,265.04,539356
003576,BOLSA_ULTRA_CLEAN_80X110,490,990,485100,759.04,371930
003580,BOLSA_ULTRA_CLEAN_105X150,49,2690,131810,2288.92,112157
003582,JABON_DE_LAVAR_WINNEX,124,750,93000,659.00,81716
003588,LIMPIAVIDRIO_SAPOLIO_500ML,618,850,525300,650.00,401700
003592,EMULSIONADO_BABYLAND_270ML,284,1490,423160,1300.00,369200
003594,SUAVIZANTE_BABYLEE*12,61,9588,584868,10788.00,658068
003603,TOALLA_OVELLA__H/S100MT*6,149,7390,1101110,7439.00,1108411
003605,P._HIGIE._OVELLA_50MT_8*4,1,12790,12790,13219.71,13220
003615,TOALLA_DON_PAPEL_DH_100MT*6ROLLOS,50,9990,499500,9210.60,460530
003624,REXONA_CLINICAL,690,2990,2063100,1920.00,1324800
003628,TOALLA_OVELLA_CLASICA_11MT_8*3UN,180,6490,1168200,6718.00,1209240
003634,DETERGENTE_PLUS_PREMIUM_3L,426,1990,847740,1789.76,762438
003645,TOALLITA_WINNEX_BEBE_80U*12,1640,10200,16728000,8256.00,13539840
003647,MOPA_REPUESTO_MICROFIBRA,680,799,543320,730.00,496400
003656,APOSITO_PARATI_G*20U,56,2690,150640,2456.16,137545
003658,APOSITO_PARATI_UNITALLA*20U,5,2390,11950,2168.18,10841
003665,PAÑUELO_TRIPLE_HOJA_*60,8,790,6320,650.00,5200
003667,PANAL_D/HOJA_40_MTS_*8,221,12690,2804490,11589.00,2561169
003677,AIRWICK_AUTOMATICO,4,5990,23960,5651.64,22607
003685,DEO._FLAÑO,12,1290,15480,0.00,0
003695,BOLSA_SHOPNOW_50X70,7,350,2450,290.00,2030
003699,BOLSA_SHOPNOW_80X110,24,990,23760,920.00,22080
003709,ESCOBILLON_BRILLEX,348,790,274920,590.00,205320
003711,MAQUINA_TWIN_BLADE*10,1448,700,1013600,0.00,0
003715,CREMA_TEATRICAL*6,42,9540,400680,7800.00,327600
003723,PAPEL_ALUMINIO_GHOSH_7.5,84,790,66360,678.30,56977
003725,LAVALOZA_TEDDY_500_ML*12,10,8388,83880,7496.00,74960
003742,LIMPIA_VIDRIO_ADCLEAN_500ML,77,1390,107030,1416.10,109040
003744,DESTRUCTOR_DE_GRASA,200,1390,278000,1190.00,238000
003746,DESTRUCTOR_DE_SARRO,68,1390,94520,1416.10,96295
003750,DETERGENTE_SAPOLIO__1500ML,9,1500,13500,2080.00,18720
003760,TOALLA_BLANCO_DEL_SUR_6*2,66,13290,877140,12495.00,824670
003770,DRIVE_LIQUIDO_3LT*4_AZUL,52,19960,1037920,16200.00,842400
003776,PAÑAL_CHIKOOL_SUPER_G*20,78,19900,1552200,14400.00,1123200
003778,PAÑAL_CHIKOOL_SUPER_M*22,64,19900,1273600,14400.00,921600
003782,PAÑAL_CHIKOOL_SUPER_XXG*28,9,24990,224910,22200.00,199800
003790,CICATRICURE_CONTORNO_DUO,4,2990,11960,2500.00,10000
003815,LADYSOFT_UD_NOCTURNA_MALLA_12*14__285,57,16680,950760,13439.00,766023
003816,ESCOBILLON_GENESIS,1581,790,1248990,600.00,948600
003818,TOALLA_SORELLA*12,13,7990,103870,9044.00,117572
003822,TOALLA_MAXIFORT_DOBLE_HOJA_*6ROLLOS,12,13290,159480,12602.10,151225
003826,ENC._RONSON_COCINA_PEQUEÑO*12,2,9480,18960,8463.00,16926
003828,DOWNY_SUAVIZANTE_400ML,2912,1690,4921280,1400.00,4076800
003830,_NOVA_ULTRA_GIGANTE_AZUL,37,16290,602730,15599.00,577163
003834,TOALLA_DON_PAPEL_DISPENSADOR,-2,3690,-7380,3000.00,-6000
003842,CIF_LIMPIAVIDRIO_DOYPACK*15_450ML,1,11850,11850,11985.00,11985
003846,RINSO_3KL,255,3990,1017450,3990.00,1017450
003850,RINSO_LAVALOZA_750ML*15,69,10485,723465,9600.00,662400
003856,ADCLEAN_PETS_500CC_SPRAY,22,2790,61380,2489.46,54768
003859,TEDDY_MAX_3*24,15,7176,107640,5862.70,87941
003863,CHIKOOL_ADULTO_PANTS_G*16,3,8490,25470,7690.00,23070
003867,CHIKOOL_PROTECTOR_DE_CAMA,2,3290,6580,2990.00,5980
003869,CHIKOOL_SUPER_XG*28,9,24990,224910,22200.00,199800
003877,PACK_KIT_SILICONA+CERA,232,3790,879280,3840.00,890880
003879,PACK_KIT_SILICONA+RENOVADOR,232,3790,879280,3850.00,893200
003883,AMPOLLETA_LED_RAYOVAC,77,650,50050,546.99,42118
003906,DETERG._NUOR_MATIC_5L,493,1200,591600,890.00,438770
003910,LAVALOZA_NUOR_5L,6,990,5940,1390.00,8340
003919,RASURADORA_PIELARMINA,1,2990,2990,1500.00,1500
003925,PACK__CONTORNO_DE_OJOS_Y_LABIOS_+_MASCARILLA,383,5990,2294170,3700.00,1417100
003927,CREMA_HIDRASHOCK_DIA_TODO_TIPO_DE_PIEL,73,2490,181770,1650.00,120450
003929,CREMA_DE_NOCHE_HIDRASHOK_PLUS,527,2490,1312230,650.00,342550
003931,PROTECTOR_LABIAL_RAYITO_DE_SOL_10GR,159,750,119250,500.00,79500
003933,CREMA_DE_MANO_PIELARMINA,4395,1690,7427550,850.00,3735750
003939,PROTECTOR_SOLAR_RAYITO_DE_SOLA_ZANAHORIA,86,1990,171140,1500.00,129000
003941,CREMA_DE_ROSTRO_PIELARMINA_ALOE_VERA_+PRO,1271,1290,1639590,1500.00,1906500
003943,ESTUCHE_MINIATURA_PLAISANCE_SENSATION,304,5900,1793600,4500.00,1368000
003945,PACK_MOCHILA_PETRIZZIO,33,9900,326700,6500.00,214500
003947,PIERO_BUTTI_FOR_MEN,1,3990,3990,4000.00,4000
003952,GILLETE_3*24,54,19176,1035504,17736.00,957744
003956,AGUACOL_LAVALOZA__750CC,1071,850,910350,737.80,790184
003958,AROMATIZANTE_AGUACOL_500CC*6,224,7140,1599360,5961.90,1335466
003960,SILICONA_AGUACOL_650ML,300,2200,660000,2049.18,614754
003962,RENOVADOR_AGUACOL_650ML,10,2200,22000,2049.18,20492
003968,DESENG._AGUACOL_PARRILLA_C/GATILLO_500CC,121,990,119790,868.70,105113
004007,BOLSA_DON_AHORRITO_50*70,2790,350,976500,291.90,814401
004015,TOALLA_OVELLA_D/H_100MT*6,20,14790,295800,14623.91,292478
004019,TOALLA_OVELLA_EXPERT_D/H_24M_8*2,2,9190,18380,9292.00,18584
004023,P._HIG._OVELLA_D/H_22MT_12*4,10,8200,82000,8412.30,84123
004037,PAÑALES_GUAGI_XL,18,19990,359820,18159.40,326869
004039,PAÑALES_GUAGI_XXL,20,19990,399800,1297.10,25942
004056,CHIKOOL_PROTECTOR_MAMARIO_24U,378,2290,865620,2000.00,756000
004061,RAID_MOSCA_Y_ZANCUDO_360CC,-24,1690,-40560,2381.00,-57144
004065,DEO._AEROSOL_PATRICK,5,1100,5500,0.00,0
004077,DESODORANTE_AEROSOL_DOVE_MUJER,12,1690,20280,1550.00,18600
004079,DEO._AEROSOL_ODORONO*12,225,12000,2700000,0.00,0
004091,CERA_WINNEX_AMARILLA*12,3,9480,28440,7865.90,23598
004094,JABON_LESANCY_BARRA_90GR,156,599,93444,539.00,84084
004095,VELAS_INVENA_EXTRA_GRANDE,1739,1290,2243310,1162.23,2021118
004097,VELAS_INVENA_GRANDE,2400,690,1656000,669.49,1606776
004099,VELAS_INVENA_ECONOMICA,1626,590,959340,514.08,835894
004101,TOALLITAS_DESENGRASANTE_WINNEX*12,2,11880,23760,10800.44,21601
004105,CLORINDA_1L*15,135,16350,2207250,14100.00,1903500
004111,TRAPERO_HUMEDO_DOM*10,38,9900,376200,8200.00,311600
004123,CHIKOOL_TOALLA_COOL_80U,8,799,6392,750.00,6000
004168,COLGATE_LUMINOUS_CARBON*12,68,17880,1215840,16200.00,1101600
004177,ALCOHOL_REXONA*12,240,3588,861120,2400.00,576000
004192,LIMPIADOR_PISO_FLOTANTE_TEDDY,35,1490,52150,500.00,17500
004198,PILA_EVEREADY_AAA*24_CAJITA,24,4776,114624,3336.00,80064
004203,CREMA_PARA_PEINAR_SEDAL,43,1290,55470,1190.00,51170
004208,ANTIBAC_DETERG._BIO_3LT,147,2990,439530,2687.02,394992
004216,TOALLA_AFFECTO_190*2,95,5390,512050,4700.50,446548
004217,TOALLA_AFFECTO_250*2,125,6990,873750,6426.00,803250
004220,TOALLA_CHIKOOL_COOL_50U,15,750,11250,690.00,10350
004222,CUADERNO_COLLEGE_5MM*10,237,4990,1182630,10000.00,2370000
004223,CUADERNO_UNIVERSITARIO_7MM*10,10,4990,49900,14000.00,140000
004237,FUZOL_SUAVIZANTE_BABYLEE*12,1,9588,9588,9600.00,9600
004239,TOALLA_HUMEDA_SIMONDS,195,2490,485550,2290.00,446550
004241,PILA_EVEREADY_D*12,186,7080,1316880,6720.00,1249920
004248,RONSON_PEQUEÑO*12,11,9480,104280,0.00,0
004263,ANTIBAC_DOYPACK_MULTIUSO_*12,2,8280,16560,7168.00,14336
004272,RENOVADOR_ECONOMICO,3,850,2550,0.00,0
004277,PAPEL_HIGIE._PREFERIDO_50MT_8*6,31,7490,232190,7000.00,217000
004308,CREMA_PARA_CABELLO,2099,990,2078010,0.00,0
004315,DETERG.__PERLADO_5LT,113,1490,168370,1150.00,129950
004319,ANTIBAC_DESINFECTANTE_220CC,490,1390,681100,1226.89,601176
004324,LIMPIAPISO_AGUACOL_2LT,1,790,790,680.68,681
004329,CERA_ACRILICA_ROJA_MIKA_1LT,62,780,48360,650.00,40300
004331,CERA_ACRILICA_AMARILLA_MIKA_1LT,132,780,102960,650.00,85800
004336,PINTURA_PARA_PISO_LEAL_2LT,6,1540,9240,1150.00,6900
004340,SILICONA_GATILLO_LEAL,11,1390,15290,1249.00,13739
004342,TRAPERO_HUMEDO_DON_AHORRITO_7UN*24,408,15600,6364800,12719.90,5189719
004346,COTONITOS_SOFT_CLOUD_200_UNDS,97,750,72750,588.00,57036
004355,CLORO_TABLETA_BRILLEX,44,2990,131560,2590.00,113960
004364,BIDON_COOLANT_-1_AGUACOL,12,1390,16680,1082.90,12995
004365,BIDON_REFRIGERANTE_ANTICONGELANTE_-3_AGUACOL,8,1790,14320,1439.90,11519
004368,P._HIGIE._RENDIPLUS_20MT_8*6,893,8890,7938770,8400.00,7501200
004373,BOLSA_BRILLEX_105X150,25,2590,64750,2390.00,59750
004375,BOLSA_BRILLEX_50X70,1800,350,630000,285.00,513000
004390,BOLSA_BRILLEX_70X90,2899,650,1884350,575.00,1666925
004392,BOLSA_BRILLEX_80X110,327,990,323730,875.00,286125
004403,BIDON_AGUA_DESMINERALIZADA_5LTS_AGUACOL,88,990,87120,868.70,76446
004406,DETERGENTE_LUXOR_MATIC_5LTS,12,1090,13080,790.00,9480
004408,DETERGENTE_LUXOR_MATIC_COLORS_C/SUAV_5LTS,4,1000,4000,850.00,3400
004411,BIDON_AGUA_VERDE_5LT_AGUACOL,40,990,39600,868.70,34748
004417,TOALLA_CERSIS_XL_*6,4,9900,39600,9168.95,36676
004430,PAÑO_DE_COCINA_DISEÑO_PURITY*25,1,8750,8750,6475.00,6475
004436,ANTIGRASA_LEAL_1LT,24,790,18960,650.00,15600
004439,PACK_HIGIENICO_KARU_6UNID,14,4990,69860,4500.00,63000
004454,SILICONA_KIT_420CM,300,1790,537000,1680.00,504000
004455,DETERGENTE_MATIC_TODAY_5LT,3,2190,6570,1989.68,5969
004458,NOBLE_23MT_D/H_10*4,1,8690,8690,7600.00,7600
004459,CHIKOOL_COOL_M_*18,714,19900,14208600,14400.00,10281600
004466,PINTURA_PARA_PISO_MIKA_5LT,3,2890,8670,2200.00,6600
004470,CHISPERO_LCD_PURITY,2443,790,1929970,680.00,1661240
004472,LIMPIADOR_MULTIUSO_WINNEX_900ML*12,2,9480,18960,8159.83,16320
004478,COLGATE_TRIPLE_XTRA_BLANCURA_PACK*3,85,2370,201450,1990.00,169150
004481,COLGATE_TRIPLE_ACCION_50G_PACK*6,3298,2394,7895412,2634.01,8686965
004485,DOVE_SHAMPOO__400ML,2657,1850,4915450,1690.00,4490330
004490,PASTILLAS_DE_CLORO__20GR,360,2990,1076400,2450.00,882000
004492,HUEVOS_EXTRA_*180U,4,27000,108000,23400.00,93600
004501,LAVOLOZA_WYN_1.5LT*6,1,10140,10140,10140.00,10140
004503,LIMPIAPISO_EXCELL_12*900ML,103,8760,902280,7929.14,816701
004504,TOALLA_NOVA_DISEÑO_8*3,2,8790,17580,7900.00,15800
004507,TOALLA_WINNEX_GIGANTE_DOBLE_HOJA*6,28,14990,419720,14777.42,413768
004512,GUANTES_NITRILO_NEGRO_TALLA_S-M-L-XL,494,4290,2119260,3677.10,1816487
004514,GUANTES_NITRILO_COBALTO_TALLA_L,3,2990,8970,2393.09,7179
004521,RECARGO_POR_DESPACHO,993,3000,2979000,0.00,0
004531,TOALLA_MAXIFORT_80*6,34,6390,217260,5400.00,183600
004532,CREMA_CICATRICURE,317,2690,852730,0.00,0
004538,INDUSTRIAL_DON_PAPEL_4X100MT,17,1990,33830,1500.00,25500
004550,SERVILLETA_FIESTAS_PATRIAS*15,10,13350,133500,12000.00,120000
004561,PAÑAL_CHIKOOL_COOL_XXG*14,19,19900,378100,18320.00,348080
004566,TOALLA_OPTIMO_XL*6,144,12990,1870560,12599.72,1814360
004572,VANISH_450ML_BLANCO_DOYPACK,145,1390,201550,1168.06,169369
004576,SERVILLETA_GIULIETTA_MINI_40*60,36,10140,365040,8882.16,319758
004579,FILM_PLASTICO_30MT,456,850,387600,643.00,293208
004583,MAGISTRAL_500ML,2722,2190,5961180,2250.00,6124500
004586,TANAX_ARAÑA/BARATA_SIN_OLOR_220CC,5619,1090,6124710,969.85,5449587
004608,CLORO_SODAK_5LT,1,890,890,0.00,0
004610,CIF_ANTIGRASA_GATILLO*12,29,20280,588120,0.00,0
004615,ILICIT_COLORFUL,395,990,391050,990.00,391050
004620,CLOROGEL_EXCELL_12*900CC,44,10200,448800,8949.75,393789
004629,BOLSA_DON_AHORRITO_90*120,138,1990,274620,1740.00,240120
004637,SHAMPOO_AGUACOL_BIDON_5LT,5,6790,33950,5831.00,29155
004641,JUGO_DE_LIMON,2,1990,3980,0.00,0
004643,TIO_NACHO_950ML,5,5690,28450,0.00,0
004649,PAÑO_AMARILLO_SAM,100,120,12000,0.00,0
004652,PAÑAL_BABYSEC_P_8*20U,39,21900,854100,19650.47,766368
004658,TRAPERO_HUMEDO_MULTIPISO_TEDDY*12,13,15480,201240,13793.88,179320
004659,CERA_BRILLINA_AMARILLINA*12,6,13090,78540,8640.00,51840
004661,CERA_BRILLINA_INCOLORA*12,22,13080,287760,8640.00,190080
004663,AROM_RECARGA_PACK,52,3980,206960,2000.00,104000
004667,VELAS_WINNEX_PEQUEÑA,11,450,4950,391.00,4301
004672,LAVALOZA_DESENGRASANTE_EXCELL_8*1000CC,12,7192,86304,6579.82,78958
004673,LAVALOZA_CON_CLORO_EXCELL_8*1000CC,25,7192,179800,6579.80,164495
004675,LAVALOZA_ANTIGERMENES_EXCELL_8*1000CC,16,7192,115072,6579.80,105277
004683,PAN_LENGUA*5,14,590,8260,508.13,7114
004693,PAN_CHICO_CASTAÑO,323,790,255170,478.00,154394
004718,MOLDE_INTEGRAL_PEQUEÑO,6,790,4740,633.08,3798
004747,PAN_HAMBURGUESA_BRIOCHE,1,1190,1190,955.57,956
004751,PAN_TAPADITO_COCTEL,10,650,6500,704.48,7045
004759,QUADRELLI_HARINA_ESPELTA_Y_CHIA,1,1290,1290,1061.48,1061
004761,PREPIZZA_METRO,40,1100,44000,1404.20,56168
004771,MINI_BROWNIE_BAÑADO_CASTAÑO,492,1390,683880,1462.00,719304
004780,OMO_ULTRA_POWER_400*15,127,10950,1390650,9600.00,1219200
004782,QUIX_200ML*18,335,12420,4160700,8676.00,2906460
004786,OFF_FAMILY,1,2990,2990,0.00,0
004788,SILICONA_POWERFORCE,340,850,289000,750.00,255000
004791,PAN_PITA_INTEGRAL,10,690,6900,537.88,5379
004793,PAN_PITA_MULTIGRANO,450,750,337500,537.88,242046
004794,MUFIN_ARANDANO_210GR,53,850,45050,1163.82,61682
004796,BERLIN*3,66,850,56100,981.75,64796
004800,PAN_MULTIGRANO_400GR,7,790,5530,0.00,0
004804,PAN_PITA_BLANCA_300GR,20,690,13800,640.08,12802
004806,PAN_FRICA*8,18,990,17820,813.96,14651
004817,BERLIN_CREMA*2,42,850,35700,704.48,29588
004823,TOALLAS_HUMEDAS_BRILLEX_50U*10,250,6500,1625000,5300.00,1325000
004828,ARENA_SANITARIA_2K,57,1190,67830,900.00,51300
004834,TRAPERO_HUMEDO_MENGLIJIE,1,990,990,0.00,0
004841,VIRUTILLA_FINA_GHOSH*4U,173,290,50170,172.55,29851
004843,VIRUTILLA_FINA_C/JABON_GHOSH*4U,129,390,50310,261.80,33772
004845,ESPONJA_LISA_TEDDY*50U,5,4500,22500,3395.02,16975
004847,PAÑO_AMARILLO_MULTIUSO_GHOSH*3,151,790,119290,583.10,88048
004849,TOALLA_OPTIMO_AZUL_ULTRA_DOBLE_HOJA*6,19,10390,197410,12599.72,239395
004852,OMO_TRIPACK,59,8900,525100,0.00,0
004854,TOALLITAS_DESFINFECTANTES_LIDER*50U,9,690,6210,0.00,0
004858,TIO_NACHO_ANTI-CANAS,39,6290,245310,5700.00,222300
004860,PEPSODENT_WHITE_NOW,96,990,95040,0.00,0
004862,ACONDICIONADOR_ELVIVE,21,1690,35490,700.00,14700
004865,SERVILLETA_SWAN_300U*12,1,10440,10440,9960.00,9960
004870,LIMPIADOR_PISO_FLOTANTE_EXCELL,125,1790,223750,1644.96,205620
004873,BABYCARE_WIPES_AGUA_80U*10_PACK,93,15980,1486140,14500.00,1348500
004876,VIRUTILLA_SUN*45U,127,390,49530,0.00,0
004878,VIRUTILLA_SUN*6,10943,590,6456370,0.00,0
004880,DETERGENTE_RG,15,1690,25350,0.00,0
004886,ESCOBILLON_ECONOMICO,8163,850,6938550,0.00,0
004906,GOMITAS_FRUTAL/ACIDAS,199,1100,218900,1000.00,199000
004915,ESTUCHE_INTENSA,17,1990,33830,0.00,0
004917,ESTUCHE_ROSE_CLIO,7,4990,34930,0.00,0
004919,ESTUCHE_LIGHT_BLUE,3,4990,14970,0.00,0
04923,ESTUCHE_MINI_PLAISENCE,127,4990,633730,0.00,0
004925,MASCARA_PETRIZZIO,130,4990,648700,0.00,0
004927,ETIENNE_LIMPIEZA_ROSAS,9,4990,44910,0.00,0
004929,BLOQUEADOR_LEBLON_PACK,12,3990,47880,0.00,0
004931,LUSTRA_MUEBLES_VIRGINIA,4,1990,7960,0.00,0
004935,VANISH_300ML_ROSA_DOYPACK,1919,880,1688720,699.18,1341726
004937,VANISH_300_ML_BLANCO_DOYPACK,1766,880,1554080,699.18,1234752
004942,BOMBIN_COLO-COLO,10,0,0,1.00,10
004944,PELOTA_COLO-COLO,1353,8590,11622270,12990.00,17575470
004955,JAGUAR,59,1990,117410,0.00,0
004958,TUBO_FINI_180UNID.,2324,1990,4624760,1190.00,2765560
004959,JEAN_LES_PINS,11,1990,21890,0.00,0
004961,CREMA_GOICOCHEA,1,1990,1990,2300.00,2300
004963,PAÑAL_ADULTO_PREM._G*20,1,9900,9900,8790.00,8790
004973,DERMO_RAYITO_DE_SOL,251,2990,750490,0.00,0
004976,KETCHUP_HELLMANNS_400GRS,88,850,74800,1045.00,91960
004978,TOALLA_DON_AURELIO_MEGA_ROLLO,11,19900,218900,18540.00,203940
004983,ESPONJA_ACANALADA_DOM*50,-2,5500,-11000,3950.00,-7900
004985,ESPUNITA_DOM*30,23,5970,137310,5100.00,117300
004994,PRESTOBARBA_MUJER_5HOJAS*12,813,5880,4780440,4200.00,3414600
004996,TOALLA_HUMEDA_INTERIOR_AUTOS_80U,97,799,77503,950.00,92150
005003,MC_COLA_2_LITROS,35,3540,123900,3192.00,111720
005005,MC_NARANJA_2_LITROS,9,3540,31860,3192.00,28728
005007,MC_PAPAYA_2_LITROS,19,2000,38000,3192.00,60648
005009,MC_PIÑA_2_LITROS,1,3540,3540,3192.00,3192
005012,ACEITE_CAPILAR_60_ML,24,1990,47760,0.00,0
005019,P.HIG_FLORAX_50_MT,46,12390,569940,11424.00,525504
005026,TRAPERO_AMARILLO_CON_OJAL*25,47,11250,528750,9750.00,458250
005028,TRAPERO_AMARILLO_TIPO_BOLSA*25,61,14750,899750,12250.00,747250
005032,SERVILLETA_TODAY,228,7790,1776120,6990.00,1593720
005040,ESPONJA_WHITE_FALCON*5,2,750,1500,600.00,1200
005048,PACK_REXONA_CLINICAL,57,4990,284430,4000.00,228000
005050,PACK_GOICOCHEA,39,4980,194220,0.00,0
005056,SERVILLETA_BELLEZA*12,134,9360,1254240,9000.00,1206000
005061,AXE_SPRAY_VARIEDAD*12,10,20280,202800,17879.75,178798
005063,SHAMPOO_HYS_375ML,48,2790,133920,2530.00,121440
005065,LYSOFORM_BAÑO,156,1390,216840,1100.00,171600
005069,TRAPERO_HUMEDO_PINVAL*12,1,13080,13080,10800.00,10800
005078,PAN_PARRILLERO,2,799,1598,674.73,1349
005080,PAN_COPIHUE,3,690,2070,599.00,1797
005082,CROCATA,27,850,22950,674.06,18200
005097,SACASARRO_DORA,324,1390,450360,771.00,249804
005103,SHAMPOO_QUALIT,168,850,142800,0.00,0
005105,PEPSODENT_WHITENING_130_GRS,208,2590,538720,2399.00,498992
005108,SHAMPOO_ELVIVE,842,0,0,700.00,589400
005118,TOALLITA_HUMEDA_BELUX__ROSE*120,3,1790,5370,1550.00,4650
005120,CUADERNO_UNIVERSITARIO_PAILITA_OFERTA,874,4990,4361260,7900.00,6904600
005122,DESENGRASANTE_PROFESIONAL_AGUACOL_1LT,209,2790,583110,2130.00,445170
005125,FOSFOROS_PUERTO_VARAS,4,4990,19960,4373.25,17493
005127,VELAS_ECONOMICA_PUERTO_VARAS,323,690,222870,602.00,194446
005128,ACONDI._GARNIER_FRUCTIS_350ML,978,1790,1750620,1000.00,978000
005133,LIMPIADOR_MULTIUSO_ACTIVE_1LT*10,7,5990,41930,4760.00,33320
005137,TOALLA_WINROLLJUNIOR_XL_D/H*6,47,10490,493030,9877.00,464219
005138,TOALLA_WINROLL_TITAN_D/H_*6,20,14990,299800,14161.00,283220
005142,RENOVADOR_TEAM,1,2290,2290,0.00,0
005144,VIRUTILLA_LIQUIDA_VIRGINIA,4,1190,4760,0.00,0
005148,SUAVIZANTE_POPEYE_1LT,49,1690,82810,1200.00,58800
005159,SUAVIZANTE_COMFORT_1LT,684,3490,2387160,3249.98,2222986
005167,OMO_PACK,39,8690,338910,0.00,0
005171,TOALLA_ESCOLAR_DON_PAPEL,188,3990,750120,0.00,0
005175,VIRUTILLA_FINA__N2_MEDIANA,7,13900,97300,12850.00,89950
005178,SUPERLAC_SIN_JABON*6UX20BOLSAS,3,9770,29310,7200.00,21600
005181,PILAS_PHILIPS_C*2,1512,990,1496880,0.00,0
005183,ENERGIZANTE_PORNOSTAR,311,850,264350,850.00,264350
005195,LIMPIADOR_PISO_FLOTANTE_VIRGINIA_900ML,10,1690,16900,600.00,6000
005201,LIMPIA_PISO_BIOPAL,23,1390,31970,500.00,11500
005204,TOALLA_MINI_ABOLENGO_8X3,5,5990,29950,5189.59,25948
005206,CLORINDA_2LT*6,1,11940,11940,10680.25,10680
005210,CEPILLO_DE_DIENTES_NIÑO_ESSERE*12,116,2388,277008,1380.00,160080
005212,CEPILLO_DE_DIENTES_ADULTO_ESSERE*12,74,2388,176712,1310.19,96954
005220,CONO_GEL_FRESKITO_193GR,6250,690,4312500,550.00,3437500
005225,SUAVIZANTE_SOFT_1.2LT,125,990,123750,0.00,0
005227,CLOROGEL_LIDER*12,75,9480,711000,7200.00,540000
005235,DETERGENTE_CLEANSO_1LT*16,3,13600,40800,12160.00,36480
005240,PACK_RAID_MMZ+ARAÑAS_360CC,600,4990,2994000,4345.90,2607540
005241,INSECTICIDAD_ALFAKILL_ARAÑA*12,14,11880,166320,0.00,0
005250,ENERGIZANTE_URBAN_FLOW,72,699,50328,0.00,0
005252,CLORO_LIDER_1LT,147,490,72030,0.00,0
005263,JABON_BARRA_DOVE_ORIGINAL,7532,650,4895800,540.00,4067280
005269,OMO_SOFT_NUEVO_800GR,546,1750,955500,1599.00,873054
005271,PAÑUELO_GIULIETTA_*8UN,4562,999,4557438,837.16,3819124
005277,TOALLA_HUMEDA_COLO_COLO_WIPES_70U,4525,799,3615475,800.00,3620000
005284,TANAX_LIQUIDO__LITRO,13,7990,103870,0.00,0
005286,PAÑO_ESPONJA_GHOSH*3U,15,590,8850,0.00,0
005292,FILM_INDUSTRIAL300_MTRS,191,6499,1241309,5950.00,1136450
005301,PAPEL_HIGIENICO_AFFECTO_500*6,23,11990,275770,10234.00,235382
005305,MAXI_KIMG,66,5490,362340,4880.00,322080
005307,TOALLA_MADRE*4,83,4499,373417,4046.00,335818
005315,TOALLA_DE_COCINA_FLORAX_D/H_8*2,54,7990,431460,8211.00,443394
005317,ESPONJAS_MULTIUSO_GHOSH_*4,2727,499,1360773,351.05,957313
005319,FILM_GHOSH_30_METROS,28,850,23800,690.20,19326
005320,FILM_GHOSH_70_METROS,152,1490,226480,1118.60,170027
005322,PAPEL_ALUMINIO_GHOSH_5_METROS,60,590,35400,523.60,31416
005324,PAPEL_ALUMINIO_GHOSH_15_METROS,480,1490,715200,1166.20,559776
005327,PACK_RUNNER_ONE_SILICONA+RENOVADOR_600CC,763,3590,2739170,3558.10,2714830
005329,SERVILLETA_DISEÑO_DON_AURELIO_100UX15_AZUL,7,13485,94395,11999.96,84000
005332,TOALLA_GIULIETTA_H/S_190M*2,5,4990,24950,4450.00,22250
005335,DETERGENTE_BEBE_PIGEON_500ML,567,1990,1128330,2300.00,1304100
005336,DETERGENTE_DOYPACK_BEBE_PIGEON_450ML,879,1990,1749210,2100.00,1845900
005340,PEPSODENT_90GRS,380,679,258020,500.00,190000
005342,SHAMPOO_HERBAL_ESSENCES_240ML,117,1990,232830,500.00,58500
005347,CANISTER_DE_AUTO_WINNEXCARS_80U,255,1990,507450,1800.00,459000
005349,"PAÑAL_BABYSEG_OFERTA_""XG""",1,2499,2499,1250.00,1250
005350,"PAÑAL_BABYSEG_OFERTA_""M""",-16,2499,-39984,1250.00,-20000
005353,NOVA_CLASICA_GIGANTE_NARANJA,5,13590,67950,12499.76,62499
005358,ACOND._ORIGINAL_REMEDIES_GARNIER,14,2290,32060,0.00,0
005360,SHAMPOO_ORIGINAL_REMEDIES_GARNIER,2,2290,4580,0.00,0
005362,TOALLITAS_HUMEDA_BIO_EMUBABY_99%_AGUA_PACK,38,10782,409716,0.00,0
005364,PAÑUELO_SUAVECITO_PACK*12,691,1390,960490,1158.58,800579
005366,PATO_PURIFIC_DISCO_ADHESIVO*2,833,990,824670,840.00,699720
005368,PATO_PURIFIC_DISCO_ADHESIVO*6,583,990,577170,890.00,518870
005374,PILA_RAYOVAC_D*12,36,7080,254880,0.00,0
005389,TOALLA_MAXIFORT_COLOSAL_150*4,189,14990,2833110,13756.00,2599884
005402,P._HIGIE._SCOTT_RINDEMAX_50MT_6*4,168,9790,1644720,9049.95,1520392
005404,ESCOBILLON_MULTIUSO_GENESIS_DOM,156,1090,170040,950.00,148200
005408,LAVALOZA_VIRGINIA_1.5LT,-10,1690,-16900,0.00,0
005412,DETERGENTE_IGENIX_3LT,22,2990,65780,0.00,0
005415,TOALLA_GIULIETTA_D/H_400_HOJAS*6,242,12990,3143580,11942.84,2890167
005418,QUITAMANCHAS_R._COLOR_Y_BLANCO_960ML_EXCELL,30,1690,50700,1503.56,45107
005421,TOALLITA_NEW_COMPAC_AGUA,5,18960,94800,15360.00,76800
005426,VELAS_SUR_CHICA_115gr,1210,425,514250,372.00,450120
005428,VELAS_LUZ_CHICA,621,499,309879,440.00,273240
005430,VELAS_SUR_MEDIANA_150G.,1200,590,708000,485.00,582000
005432,VELAS_SUR_GRANDE_200G.,1598,850,1358300,617.50,986765
005434,VELAS_SUR_EXTRA_G._250G.,1160,890,1032400,770.00,893200
005437,LOCION_BRUT,427,1790,764330,0.00,0
005440,PAN_HAMBURGUESA_PAPA,155,990,153450,1105.51,171354
005442,PIERRE_MOLDE_INTEGRAL_XL,1262,990,1249380,1129.31,1425189
005443,ARIEL_700_GR,1351,1850,2499350,1550.00,2094050
005449,PAN_FRICA_Y_LENCUA_CH,15,600,9000,360.00,5400
005451,ARIEL_400_DOWNY,188,1090,204920,990.00,186120
005455,PAÑAL_PAMPERS_CARE_M*20,31,26320,815920,26000.00,806000
005457,PAMPERS_CARE_XXG*16,72,26320,1895040,26000.00,1872000
005459,PAMPERS_CARE_G*20,22,26320,579040,26000.00,572000
005461,PAMPERS_CARE_XG*16,34,26320,894880,26000.00,884000
005463,PAPEL_50_METROS_DON_PAPEL,101,4990,503990,0.00,0
005476,TRAPERO_HUMEDO_DESINFECTANTE_TEDDY*12,-97,17880,-1728638,15923.56,-1539490
005478,BOLSA_WINNEX_100*120,32,1990,63680,1836.76,58776
005479,DOWNY_SUAVIZANTE_450ML,4,1990,7960,0.00,0
005487,"PITA,_LENGUA_Y_FRICA_*8",3,790,2370,0.00,0
005494,TOALLITAS_HUMEDAS_GARFIELD_80U,-58,799,-46342,918.97,-53300
005496,TRAPERO_HUMEDO_TOLL,1704,900,1533377,854.66,1456129
005498,PAN_INTEGRAL_POR_FECHA,50,600,30000,0.00,0
005500,COCADA,9,790,7110,0.00,0
005502,CINTA_EMB._100_MTR*6,39,5990,235407,4855.20,190809
005507,PAN_MANTEQUILLA_OFERTA,1,790,790,0.00,0
005510,JABON_LIQUIDO_ACTIVE_1LT*10,7,5990,43607,5117.00,37252
005512,LIMPIADOR_DESINFECTANTE_ACTIVE*12,49,10200,499290,8568.00,419404
005513,PAN_PARRILLERO,1,1000,1000,0.00,0
005516,PERFUMADOR_DE_AIRE_&_TELAS_ACTIVE*12,0,10200,-510,8568.00,-428
005518,BETUN_NUGGET_MARRON_65GR,-1,1390,-1168,1250.53,-1050
005519,ATUN_LOMITO_ACEITE,7175,799,5732825,720.00,5166000
005524,DESODORANTE_AEROSOL_REXONA_MEN,36,1690,60840,1450.00,52200
005525,DETERGENTE_WINNEX_800GR,864,990,855360,841.33,726909
005527,PAÑUELOS_DESECHABLES_HELLO_KITTY,92,690,63480,0.00,0
005531,ALOE_VERA*6,63,4740,298620,0.00,0
005538,DETERGENTE_MIKA_5LT,-7,990,-6861,850.00,-5891
005540,PAÑO_MICROFIBRA_AGUACOL,893,790,705829,583.10,520974
005543,INSUMO_DE_PANADERIA,6,3990,23940,3390.00,20340
005553,TABLETA_KLAREN,25,1990,49750,1750.00,43750
005559,DETERGENTE_PERLADO_GENESIS,15,2190,32850,1950.00,29250
005561,PACK_DOVE_CLINICAL,167,4580,764860,0.00,0
005577,AROM_AMBIENTAL_GATILLO,198,1690,334620,0.00,0
005583,ANTIBAC_PEQUEÑO,1,200,200,0.00,0
005586,CLEANSO_ARENA_PARA_GATOS_8KG,-7,3990,-27930,3200.00,-22400
005590,AMBIENTAL_DON_AHORRITO_400ML*12,241,9348,2252868,8424.01,2030186
005600,ESCOBILLON_PINVAL_ROJO,256,1690,432302,1400.00,358120
005602,DETERGENTE_GUERRERO_5LT,-5,990,-4862,850.00,-4174
005604,CLORO_ECOLOGICO_5LT,-365,990,-361122,849.66,-309930
005606,SUAVIZANTE_ECOLOGICO_5LT,-24,1990,-48556,1550.57,-37834
005608,LIMPIAPISO_ECOLOGICO_5LT,22,1290,28380,1049.58,23091
005611,SERVILLETA_GIULIETTA_200*15,22,11250,247500,10174.50,223839
005613,CERA_LIQUIDA_C/GATILLO_AGUACOL_1LT,22,2290,50380,2011.00,44242
005615,SERVILLETA_DON_AURELIO_DISEÑO_250U*12,367,10560,3875520,9467.64,3474624
005618,TOALLITA_HUMEDA_BRILLEX80UN_PACK_2*6,-2,11100,-17760,10140.00,-16224
005621,TOALLA_RENDIPEL_PRO_UH_170MT*8,320,11190,3580800,10319.68,3302298
005623,PAPEL_HIGIE._RENDIPEL_300MT*6,4,6990,27960,5820.00,23280
005625,TOALLA_LADYSOFT_NORMAL_12*16U_102,33,15480,510840,12767.99,421344
005628,PANAL_50_MTR4*8,185,16290,3013650,15950.00,2950750
005630,TANAX_OFERTA_220CC,60,1190,71400,0.00,0
005636,BOLSA_DE_BASURA_AUSTRAL_50X70,4,250,1000,190.00,760
005640,PANTENE_ACONDICIONADOR_300ML,-19,1990,-38451,1850.00,-35746
005642,SHAMPOO_HEAD_SHOULDER,401,2750,1102750,2650.00,1062650
005644,PANTENE_SHAMPOO_300ML,1902,1990,3784980,1850.00,3518700
005647,BOLSA_DE_BASURA_AUSTRAL_80X110,1,790,790,680.00,680
005648,BOLSA_DE_BASURA_AUSTRAL_90X120,2,1390,2780,1100.00,2200
005652,EXFOLIANTE_STIVES*6,380,11940,4537200,0.00,0
005654,SUAVIZANTE_DOWNY_D/PACK_750ML,1203,2690,3236070,2490.00,2995470
005656,COLONIA_SIMONDS_125ML,1367,990,1353330,800.00,1093600
005662,SUAVIZANTE_DOWNY_500_ML_BOTELLA,540,1990,1074600,1500.00,810000
005669,PAPEL_HIGIE._SWAN_RENDIDOR_50MT_10*4,37,15990,591630,14890.00,550930
005672,PAÑAL_CHIKOOL_M-G_OFERTA,2,15990,31980,0.00,0
005674,PAÑAL_CHIKOOL_SUPER_COOL_XXXG*14,37,19990,739630,0.00,0
005677,TOALLITAS_HUMEDAS_BABYCAREWIPES_21U*30,51,8970,457470,7800.45,397823
005679,PILA_EVEREADY_AA_TIRA*24U,99,4776,472824,3335.00,330165
005682,PAPEL_PREMIUM_XL,7,4190,30357,3451.00,25002
005690,TOALLITA_BABYSEC_PREMIUM_70UNI*12,5,11880,59400,10319.60,51598
005695,CIF_BAÑO_DOYPACK*15,31,11850,367350,9000.00,279000
005697,GLADE_AUTOMATICO/_REPUESTO_PACK,456,4990,2275440,5000.00,2280000
005699,LIMPIADOR_PISO_FLOTANTE_VIRGINIA,132,990,130680,850.00,112200
005701,BOLSA_WINNEX_90*120,152,1690,256880,1490.41,226542
005703,SHAMPOO_PANTENE_510ML,690,3590,2477100,2990.00,2063100
005705,CLORO_ADCLEAN_1LT,34,850,28900,773.50,26299
005707,LIMPIAPISOS_ADCLEAN_900ML,23,790,18170,686.60,15792
005711,TANAX_POLVO_HORMIGAS_100GRS,350,2490,871500,2225.30,778855
005713,RATANAX_RATICIDA_PELLETS_50GR,725,1890,1370250,1582.70,1147458
005715,RATANAX_RATICIDA_BLOQUES_100GR,308,2590,797720,2327.64,716913
005718,DESODORANTE_AXE_COCONUT,6,28680,172080,0.00,0
005721,RECARGA_ANTIGRASA_AILEDA_1LT,312,850,265200,750.00,234000
005722,RECARGA_LIMPIA_VIDRIO_AILEDA_1LT,804,850,683400,750.00,603000
005724,SUAVIZANTE_AILEDA_DOYPACK_1LT,672,890,598080,790.00,530880
005728,PERLAS_DE_FRAGANCIA_AILEDA,856,2990,2559440,2400.00,2054400
005730,DETERGENTE_AILEDA_CAPSULAS*8,716,1090,780440,890.00,637240
005732,LIMPIADOR_AILEDA_900ML,251,790,198290,650.00,163150
005738,TOALLITAS_HUMEDAS_SLEEPY_80U*12,320,9480,3033600,8339.90,2668768
005741,PERROS_PARA_ROPA_DE_BAMBU_GHOSH,6,390,2340,298.00,1788
005744,CREMA_PARA_PEINAR_HERBAL_ESSENCES_150ML,258,1990,513420,1850.00,477300
005750,ARCADIA_CLOROGEL_900ML*12,196,9480,1858080,8294.30,1625683
005752,TOALLITA_HUMEDA_GHOSH_C/TAPA_80U*12,157,8640,1356480,7711.20,1210658
005753,PAPEL_ECONOMICO_DON_PAPEL_*6,15,4990,74850,3927.00,58905
005756,VOLCANIC_ROCK_PERFUMADA_AILEDA,523,990,517770,900.00,470700
005758,AROMATIZANTE_5EN1_250ML_AILEDA*4,646,3400,2196400,3000.00,1938000
005760,SODA_CAUTICA_AILEDA_250GRS,253,1590,402270,1180.00,298540
005762,REPUESTO_DE_MAQUINA_AILEDA,131,3990,522690,2950.00,386450
005764,SERVILLETA_NUBY*10,2,7790,15580,7150.00,14300
005769,PAÑAL_COTIDIAN,1,17990,17990,0.00,0
005775,TANAX_AERO._T/I_SIN_OLOR_500CC,2404,1790,4303160,1404.20,3375697
005779,DETERGENTE_VIRGINIA_3LT,1,2990,2990,0.00,0
005784,MAYONESA_HELLMANNS_POTE_430GRS*12,250,11880,2970000,10800.00,2700000
005786,SALSA_DE_TOMATES_KNORR_1020GRS*12,42,9588,402696,500.00,21000
005788,PEPSODENT_TRIPLE_PROT_75GRS,2349,0,0,690.00,1620782
005791,AROM_AMBIENTAL*12,4,13080,52320,11160.00,44640
005794,PILA_EVEREADY_AAA_TIRA*24U,71,4776,339096,3335.99,236855
005800,TOALLITAS_HUMEDAS_EMUBABY_C/TAPA_50U*20,-288,13980,-4026240,0.00,0
005808,TABLETA_TANAX,265,3490,924850,3200.00,848000
005813,PASTILLA_DE_INODORO*4_AILEDA,132,590,77880,520.00,68640
005815,JABON_PARA_ROPA_AILEDA_170GR,1416,790,1118640,550.00,778800
005824,SERVILLETA_AURELIO_BLANCA_100U*20,58,17000,986000,15199.87,881592
005830,GUANTE_AMARILLO_EXCELL*12,17,5880,99960,0.00,0
005834,GILLETE_BLUE_2*14,2,5460,10920,0.00,0
005838,GEL_DE_DUCHA_BRUT,2,1990,3980,0.00,0
005844,SERVILLETA_BLANCA_GIULIETTA_100*15,2,8850,17700,0.00,0
005851,PINZA_PARA_ROPA_AILEDA*20U,1449,390,565110,280.00,405720
005852,REMOVEDOR_DE_SARRO_SPRAY_AILEDA_5ML,114,1090,124260,985.00,112290
005857,CEPILLO_DE_DIENTES_NIÑO_AILEDA*12,177,3480,615960,2220.00,392940
005859,BOLSA_DE_BASURA_GHOSH_43X45*20U,1198,350,419300,273.70,327893
005860,ESPUMA_DE_AFEITAR_BRUT,2,1990,3980,0.00,0
005862,_PUBLICIDADA,1,380000,380000,0.00,0
005867,PAPEL_PILUCHO*8,206,2490,512940,0.00,0
005869,PERFUME_ARABE*12_200ML,700,23880,16716000,21000.00,14700000
005873,PERFUME_ARABE*12_250ML,8,23880,191040,21000.00,168000
005879,TOALLA_HUMEDA_ANIMALITOS*24,1374,16560,22753440,14365.00,19737510
005883,LAVALOZA_BIOPAL,70,1790,125300,0.00,0
005887,LIMPIA_PISO_PINVAL*12,54,7080,382320,0.00,0
005894,TOALLA_PROPAPER_XL,258,7390,1906620,6664.00,1719312
005896,TOALLA_LADYSOFT_COD_174_24*8,50,16560,828000,12480.00,624000
005898,NUTRI_BALANCE100G*12,137,9588,1313556,7800.00,1068600
005900,YERBA_MATTE*12,355,10800,3834000,9000.00,3195000
005902,TOALLA_PREMIER*4,29,2390,69310,0.00,0
005906,BARRILETTE_*50,417,1100,458700,1000.00,417000
005908,PALETA_DONUT*50,2,1100,2200,1300.00,2600
005910,COLORPLEX,504,990,498960,990.00,498960
005914,TOALLITA_HUMEDA_PURE_LOVE*48,785,26400,20724000,0.00,0
005919,OLD_SPACE_AEROSOL,2388,1990,4752120,1890.00,4513320
005921,EMULSIONADO_SIMONDS,681,1590,1082790,0.00,0
005925,FILM_300_METROS_TOTTUS_CORTADOR,14,5990,83860,0.00,0
005927,CEPILLO_ADULTO_AILEDA_TIRA*12,481,2640,1269840,1650.00,793650
005929,CEPILLO_ADULTO_AILEDA_PACK*2*12,46,8280,380880,6240.00,287040
005933,POUCHE_MIKCAT*18,11,8982,98802,7879.13,86670
005935,POUCHE_MIKDOG*18,14,8982,125748,0.00,0
005937,PANETON_BAUDUCCO,2132,599,1277068,0.00,0
005939,LECHE_SEMIDESCREMADA_*12,41,5988,245508,0.00,0
005941,MAYO_KRAFT_SACHET,31,14220,440820,0.00,0
005945,LIMPIADOR_INODORO_EN_CUBO_*2_AILEDA,408,690,281520,550.00,224400
005949,ALFAJOR_DE_ARROZ,1507,790,1190530,0.00,0
005951,PANETON_BAUDUCCO_500GR,329,990,325710,0.00,0
005957,MASTER_DOG_3K,458,3990,1827420,0.00,0
005959,CLUB_SOCIAL_PACK,138,690,95220,0.00,0
005961,PACK_IGENIX,30,5290,158700,0.00,0
005963,HELLMAN_MAYONESA_VEGANA*6_1.88,45,14990,674550,12000.00,540000
005965,HELLMAN_MAYONESA_VEGANA_*10_940G,237,7900,1872300,6650.00,1576050
005969,HELLMAN_MAYONESA_940*10,2,13900,27800,12000.00,24000
005971,HELLMAN_QUESO_CHEDDAR*12,237,23880,5659560,19800.00,4692600
005973,HELLMAN__MAYONESA_BOLSA_1.88*6,2,14940,29880,12000.00,24000
005975,MAYONESA_JB_BOLSA*10_950G,29,11900,345100,10638.00,308502
005977,MAYONESA_JB_BOLSA_6X1.9,41,10740,440340,8400.00,344400
005979,HELLMAN_BBQ_15*500G,188,14850,2791800,12750.00,2397000
005981,TOALLA_ELEPHANT_CARS_50_U,5664,790,4474560,700.00,3964800
005983,TOALLA_HUMEDA_NARANJA_50_UN,840,990,831600,850.00,714000
005989,JABON_NIVEA,4039,870,3513930,790.00,3190810
005991,ATUN_LOMITO__AGUA,7340,799,5864660,720.00,5284800
005993,LUSTRA_MUEBLE_VIRGINIA,264,1690,446160,1400.00,369600
005999,LIMPIA_VIDRIO_VIRGINIA_400*10,20,8500,170000,0.00,0
006003,CHICLE_FINI_*18,24858,4500,111861000,698.00,17350884
006007,LECHE_CONDENSADA,2304,1390,3202560,1290.00,2972160
96003133,TOALLA_DON__PAPEL_AZUL*2,228,2990,681720,2500.00,570000
